c_Lname,c_Fname,c_age,c_phone,c_address,c_city,c_state,c_email,c_make,c_model,c_year
Evans,Lauren,47,392-897-6417,27 Bowman St.,Shakopee,MN,jkegl@comcast.net,Honda,Pilot,2018
Williamson,Melinda,42,317-015-3212,7351 Wild Rose Dr.,Rossville,GA,manuals@att.net,Mercedes,GLE,2020
Hayes,Anthony,43,228-261-2016,Court Drive,Pikesville,MD,laird@comcast.net,Ford,Bronco,2020
Benson,Billy,42,380-689-3850,811 Paris Hill Street,Dunedin,FL,sonnen@comcast.net,BMW,X3,2020
Williams,Alfred,42,464-187-6196,856 Lilac Dr.,Olive Branch,MS,joehall@yahoo.ca,Dodge,Durango,2017
Davis,Stephanie,27,166-976-5334,6 Bow Ridge Ave.,Chicopee,MA,wilsonpm@outlook.com,Ford,Explorer,2020
Santiago,Jacqueline,42,492-888-0468,54 South Broad Drive,Nanuet,NY,dmbkiwi@mac.com,Ford,Explorer,2020
White,Crystal,19,640-416-2421,95 Carson Dr.,East Orange,NJ,luvirini@att.net,Toyota,Corolla,2015
Clark,Paula,23,643-248-2967,567 Hawthorne Road,Passaic,NJ,juerd@icloud.com,Subaru,WRX STI,2019
Davies,Heather,49,240-239-4413,996 Mulberry St.,Elkridge,MD,jfriedl@live.com,Chevrolet,Tahoe,2015
Carter,Lisa,41,339-053-4256,Vermont St.,Holbrook,NY,chaffar@att.net,Toyota,4Runner,2016
Smith,Mackenzie,38,204-398-9019,9 Lincoln St.,Dover,NH,msroth@verizon.net,Mercedes,E-Class,2020
Scott,Jesse,34,194-667-5768,99 4th Street,Apex,NC,kidehen@att.net,Dodge,Charger,2019
Coleman,Connie,32,483-232-6406,Wilson St.,Johnston,RI,rohitm@comcast.net,Honda,CR-V,2021
Huang,Michael,18,564-189-6626,271 Holly Lane,Roswell,GA,multiplx@mac.com,Chevrolet,Colorado,2022
Vargas,George,22,648-625-3303,56 Bridle Lane,Warminster,PA,mugwump@outlook.com,Dodge,Charger,2019
Cantrell,Robert,48,585-560-6699,327 East Saxton Street,Westminster,MD,geekoid@outlook.com,Dodge,Dart,2022
Mcdonald,Kathryn,49,480-698-7588,39 Spring St.,Delaware,OH,mfleming@icloud.com,Honda,Odyssey,2019
Simpson,Christina,44,652-856-4142,583 Old Devon St.,Westford,MA,aschmitz@gmail.com,BMW,M3,2023
Macias,Rebecca,55,700-358-4668,Bayberry Ave.,Iowa City,IA,avalon@yahoo.com,Dodge,Durango,2017
Murphy,Jose,23,350-232-2943,92 Ridge Avenue,Kissimmee,FL,choset@live.com,Ford,Explorer,2020
Watson,Nicholas,33,586-212-9073,9 Argyle Drive,Cantonment,FL,oster@sbcglobal.net,Honda,Accord,2016
Lucas,Dustin,44,693-665-2995,851 East Grandrose St.,Oak Lawn,IL,sumdumass@verizon.net,Honda,Civic,2021
Baldwin,Patrick,35,728-579-5702,7307 West Redwood Street,South Ozone Park,NY,draper@me.com,Dodge,Grand Caravan,2022
Webb,Sandra,25,520-386-7502,7255 Bay Meadows St.,Howell,NJ,yfreund@aol.com,Dodge,Durango,2017
Brown,Christine,18,552-344-7673,96 Alderwood Street,Nashville,TN,bjornk@live.com,Ford,Bronco,2020
Campos,Danny,37,465-555-3087,Cobblestone Street,Hopkinsville,KY,bbirth@att.net,Dodge,Charger,2019
White,David,55,317-201-9832,510 Saxon Street,New Port Richey,FL,stellaau@icloud.com,Dodge,Challenger,2016
Payne,Tammy,31,210-079-0806,14 Lincoln St.,Savage,MN,carcus@yahoo.ca,Subaru,Outback,2020
Powers,Jacqueline,34,304-928-3173,Aspen St.,Norwood,MA,jbuchana@gmail.com,Toyota,4Runner,2016
Salinas,Erica,30,112-016-3248,80 Beechwood Street,Cookeville,TN,djupedal@live.com,Dodge,Challenger,2016
Holmes,Alice,36,429-705-0862,60 Orange Drive,Scotch Plains,NJ,ijackson@optonline.net,Toyota,4Runner,2016
Riley,Bryan,51,511-202-1316,8191 West Andover St.,Canyon Country,CA,marcs@yahoo.ca,Honda,CR-V,2021
Becker,April,22,202-788-8864,8860 Olive Road,Lake Zurich,IL,dimensio@att.net,Honda,Accord,2016
PhD,Carol,55,630-487-0333,25 Grove Street,Revere,MA,ramollin@comcast.net,Ford,Explorer,2020
Harrell,Steven,23,546-986-4658,53 Pennsylvania Road,Quincy,MA,esasaki@mac.com,Mercedes,GLE,2020
Sweeney,Rose,18,611-794-6037,502 East Marvon St.,Woodbridge,VA,jmcnamara@icloud.com,BMW,X3,2020
Irwin,Dr,18,461-023-2001,7643 Ann Lane,North Brunswick,NJ,mcrawfor@gmail.com,Chevrolet,Trailblazer,2021
Lam,Julie,20,208-882-2258,9878 Proctor St.,Saint Louis,MO,bescoto@sbcglobal.net,Ford,Excape,2015
Brown,Amy,40,553-505-2157,7911 Elizabeth Street,Trenton,NJ,nasarius@att.net,Dodge,Charger,2019
Torres,Mitchell,30,518-254-5549,7240 Blue Spring Lane,Murrells Inlet,SC,chunzi@aol.com,Honda,Accord,2016
Brooks,Catherine,31,118-268-6608,8151 Berkshire Street,Elkhart,IN,curly@att.net,Ford,Mustang,2017
Cooper,Nicole,30,124-141-9728,876 Highland Court,La Porte,IN,jdray@mac.com,Ford,Bronco,2020
Oneill,Kevin,24,576-342-8947,116 Colonial St.,North Bergen,NJ,tellis@comcast.net,Ford,Excape,2015
Bean,Stephanie,30,309-976-2339,277B Pendergast St.,Quakertown,PA,burns@hotmail.com,Honda,Civic,2021
Irwin,Julie,44,168-146-8472,160 Riverside St.,Muscatine,IA,zyghom@gmail.com,BMW,M8,2023
Boyer,Brianna,39,327-242-8971,62 Thompson Dr.,Sterling Heights,MI,twoflower@sbcglobal.net,Mercedes,GLE,2020
Lane,Adam,37,697-813-0674,555 York Ave.,West Springfield,MA,mfburgo@mac.com,Chevrolet,Cruze,2020
Mason,James,43,666-943-5651,45 Smith Rd.,Troy,NY,hmbrand@hotmail.com,Ford,Mustang,2017
Jimenez,Ricky,54,390-431-1862,68 South Littleton Ave.,Hickory,NC,crowemojo@aol.com,Ford,Edge,2019
Riley,Amy,26,612-398-1908,56 Rockwell St.,Muskego,WI,jonadab@live.com,Dodge,Durango,2017
Long,David,38,309-822-3892,720 Gartner Road,San Angelo,TX,thassine@msn.com,Honda,Pilot,2018
Murphy,Brett,42,683-045-2692,8827 White Drive,Elizabethton,TN,dbanarse@me.com,Chevrolet,Tahoe,2015
Dominguez,Ryan,21,364-933-6707,9259 El Dorado Street,Zionsville,IN,rohitm@optonline.net,Dodge,Grand Caravan,2022
Foley,Kimberly,47,209-223-6137,7127 North County Street,Basking Ridge,NJ,multiplx@optonline.net,Toyota,4Runner,2016
Chang,John,42,654-941-0318,43 Homewood Lane,Onalaska,WI,vsprintf@verizon.net,Mercedes,GLE,2020
Flores,Ronald,54,112-106-2434,9514 Lancaster Street,Morganton,NC,mcsporran@verizon.net,Honda,Pilot,2018
Mason,Ashley,49,118-483-4841,9021 Brewery Ave.,Carmel,NY,bachmann@mac.com,Subaru,WRX STI,2019
Phillips,Kendra,25,139-742-7962,94 Cobblestone St.,Grand Rapids,MI,purvis@mac.com,Ford,Mustang,2017
Perry,Elizabeth,24,630-555-5515,9397 Anderson Lane,Copperas Cove,TX,janusfury@me.com,Toyota,Corolla,2015
Allen,Joshua,19,382-897-6501,228 Jackson Rd.,Sacramento,CA,jmgomez@sbcglobal.net,Chevrolet,Tahoe,2015
Navarro,Kurt,45,149-318-4904,8324 Newbridge Ave.,Flushing,NY,ilial@verizon.net,Ford,Bronco,2020
Mays,Kelly,55,114-668-7601,444 Mayflower Ave.,Brunswick,GA,mcsporran@aol.com,Chevrolet,Colorado,2022
Santos,Ana,22,621-166-4036,416 West Forest St.,Hagerstown,MD,chrisj@yahoo.com,Ford,Explorer,2020
Flores,Alicia,41,574-027-2573,9438 St Margarets Court,Yorktown,VA,juliano@mac.com,Ford,Bronco,2020
Conner,Theodore,37,241-505-3381,836 Country Road,Melrose,MA,attwood@gmail.com,Mercedes,E-Class,2020
Taylor,Susan,52,221-113-3789,97 Linden Lane,Meadville,PA,hikoza@comcast.net,Chevrolet,Colorado,2022
Boone,Misty,39,376-834-1623,68 Galvin St.,Wilmington,MA,miami@live.com,Chevrolet,Tahoe,2015
Nelson,Thomas,20,238-434-1679,605C Griffin Road,Streamwood,IL,kohlis@icloud.com,Toyota,Corolla,2015
Miller,Jason,43,231-185-2725,7636 Fulton St.,Goshen,IN,arandal@verizon.net,BMW,X3,2020
Lloyd,Lisa,18,663-711-3419,7495 Windfall Drive,Henrico,VA,kspiteri@me.com,Ford,Excape,2015
Jones,Theodore,36,115-942-9502,46 Glen Ridge Road,North Attleboro,MA,shrapnull@yahoo.ca,Ford,Explorer,2020
Johnson,Mr,38,477-482-2279,9813 Airport St.,Dearborn,MI,ntegrity@att.net,BMW,X3,2020
Jacobs,Jacob,30,123-843-0848,687 Laurel Rd.,Colorado Springs,CO,pfitza@outlook.com,Dodge,Charger,2019
Johnson,Robert,24,202-226-3505,9382 Nichols Ave.,Blacksburg,VA,bolow@gmail.com,BMW,M3,2023
Baldwin,Richard,26,705-452-1392,665 Valley Farms Street,Calumet City,IL,dunstan@verizon.net,Honda,Odyssey,2019
Fuller,Taylor,47,427-896-5523,704 Baker Ave.,Calhoun,GA,vlefevre@aol.com,Dodge,Charger,2019
Long,Jennifer,42,164-555-4633,908 Columbia Dr.,Schaumburg,IL,michiel@optonline.net,Chevrolet,Colorado,2022
Hernandez,Elizabeth,21,266-616-5845,403 Richardson Street,Palatine,IL,tfinniga@outlook.com,Toyota,Corolla,2015
Bowers,William,37,713-947-9646,8402 Canterbury Dr.,Neptune,NJ,jtorkbob@aol.com,BMW,M3,2023
Bell,Jacob,23,333-374-4989,734 Marlborough St.,Bridgeton,NJ,chrisk@mac.com,Dodge,Durango,2017
Curry,Kevin,43,524-468-9163,84 Cherry Hill Road,Hicksville,NY,stecoop@yahoo.com,Chevrolet,Silverado,2016
Greene,Adrian,34,263-939-6172,2 Wintergreen Lane,Norfolk,VA,pjacklam@live.com,Subaru,WRX STI,2019
Hughes,Dalton,35,155-490-8467,521 Ketch Harbour Rd.,Tullahoma,TN,aegreene@hotmail.com,BMW,X3,2020
Johnson,Elizabeth,46,525-166-3742,8922 Piper Drive,Grovetown,GA,claypool@yahoo.com,Chevrolet,Cruze,2020
Greene,Dale,43,557-660-6274,7355 Studebaker St.,Hopkins,MN,delpino@msn.com,Honda,CR-V,2021
Ferguson,Jessica,54,248-804-2598,85 Hilldale St.,Londonderry,NH,meinkej@live.com,BMW,X3,2020
Floyd,William,33,418-302-8828,8276 Catherine St.,Oklahoma City,OK,cyrus@yahoo.com,Ford,Mustang,2017
Vargas,Rachel,32,538-657-0683,469 Blackburn Avenue,Clayton,NC,carcus@verizon.net,Honda,CR-V,2021
Hall,Matthew,39,386-726-7365,91 Morris Dr.,Harleysville,PA,mwilson@yahoo.ca,BMW,M3,2023
Becker,Melody,43,118-198-8538,3 Summerhouse St.,Lewis Center,OH,johnh@msn.com,Honda,Odyssey,2019
Morgan,Kim,35,190-241-5208,710 Ridgeview Court,Hollywood,FL,goresky@sbcglobal.net,Dodge,Dart,2022
Meyer,Melissa,27,195-249-0547,8252 Marsh Dr.,Rosedale,NY,jandrese@optonline.net,BMW,M8,2023
Chan,Yesenia,31,690-498-2711,Linden Court,Braintree,MA,muzzy@comcast.net,Ford,Edge,2019
Wood,Miguel,42,528-100-5113,89 Spruce Lane,Arlington,MA,johndo@msn.com,Toyota,Corolla,2015
Hill,Chris,54,454-040-3342,7307 Clinton Street,Brockton,MA,denton@mac.com,Ford,Mustang,2017
Mcfarland,Ryan,44,452-689-2786,596 Birchwood St.,San Pablo,CA,ngedmond@icloud.com,Subaru,Outback,2020
Johnson,Paul,55,672-493-2084,992 Pierce Street,Hudson,NH,firstpr@verizon.net,Toyota,Prius,2023
Weiss,Brian,40,330-274-3942,141 Rose Dr.,Marcus Hook,PA,payned@gmail.com,Toyota,Corolla,2015
Riggs,Samantha,50,733-628-5492,47 Fawn Avenue,Gallatin,TN,yenya@gmail.com,Toyota,Corolla,2015
